{"cameraMode":{"drawMode":0,"name":"Shaded","section":"Shading Mode"},"sceneLighting":false,"audioPlay":false,"sceneViewState":{"m_AlwaysRefresh":false,"showFog":true,"showSkybox":false,"showFlares":true,"showImageEffects":true,"showParticleSystems":true,"showVisualEffectGraphs":true,"m_FxEnabled":true},"in2DMode":false,"pivot":{"x":-0.4288036823272705,"y":10.954869270324707,"z":-0.21936655044555665},"rotation":{"x":0.1349303126335144,"y":-0.640342116355896,"z":0.11670659482479096,"w":0.7467954754829407},"size":2.1650636196136476,"orthographic":false}